-- ===========================
-- prim_* マスタ DDL + seed（小学生社会版）
-- Supabase SQL Editor で実行。既存アプリのテーブルとは prim_ 接頭辞で分離。
-- 読み取りは anon、書き込みは行わない想定（マスタは管理者がseedで投入）。
-- ===========================

create table if not exists prim_regions (
  id text primary key,
  name text not null,
  name_kana text not null,
  name_grade4 text not null,
  map_no int
);

create table if not exists prim_prefectures (
  id text primary key,
  name text not null,
  name_kana text not null,
  name_grade4 text not null,
  capital text not null,
  capital_kana text not null,
  capital_grade4 text not null,
  region_id text not null references prim_regions(id),
  map_no int not null,
  specialties jsonb not null default '[]',
  grade int
);

create table if not exists prim_wards (
  id text primary key,
  name text not null,
  name_kana text not null,
  name_grade4 text not null,
  map_no int not null
);

-- RLS: 読み取りのみ公開
alter table prim_regions enable row level security;
drop policy if exists "prim_regions_read" on prim_regions;
create policy "prim_regions_read" on prim_regions for select using (true);
alter table prim_prefectures enable row level security;
drop policy if exists "prim_prefectures_read" on prim_prefectures;
create policy "prim_prefectures_read" on prim_prefectures for select using (true);
alter table prim_wards enable row level security;
drop policy if exists "prim_wards_read" on prim_wards;
create policy "prim_wards_read" on prim_wards for select using (true);

-- ---- seed: regions ----
insert into prim_regions (id,name,name_kana,name_grade4,map_no) values ('hokkaido','北海道','ほっかいどう','北海道',1) on conflict (id) do update set name=excluded.name,name_kana=excluded.name_kana,name_grade4=excluded.name_grade4,map_no=excluded.map_no;
insert into prim_regions (id,name,name_kana,name_grade4,map_no) values ('tohoku','東北地方','とうほくちほう','東北地方',2) on conflict (id) do update set name=excluded.name,name_kana=excluded.name_kana,name_grade4=excluded.name_grade4,map_no=excluded.map_no;
insert into prim_regions (id,name,name_kana,name_grade4,map_no) values ('kanto','関東地方','かんとうちほう','関東地方',3) on conflict (id) do update set name=excluded.name,name_kana=excluded.name_kana,name_grade4=excluded.name_grade4,map_no=excluded.map_no;
insert into prim_regions (id,name,name_kana,name_grade4,map_no) values ('chubu','中部地方','ちゅうぶちほう','中部地方',4) on conflict (id) do update set name=excluded.name,name_kana=excluded.name_kana,name_grade4=excluded.name_grade4,map_no=excluded.map_no;
insert into prim_regions (id,name,name_kana,name_grade4,map_no) values ('kinki','近畿地方','きんきちほう','近き地方',5) on conflict (id) do update set name=excluded.name,name_kana=excluded.name_kana,name_grade4=excluded.name_grade4,map_no=excluded.map_no;
insert into prim_regions (id,name,name_kana,name_grade4,map_no) values ('chugoku','中国地方','ちゅうごくちほう','中国地方',6) on conflict (id) do update set name=excluded.name,name_kana=excluded.name_kana,name_grade4=excluded.name_grade4,map_no=excluded.map_no;
insert into prim_regions (id,name,name_kana,name_grade4,map_no) values ('shikoku','四国地方','しこくちほう','四国地方',7) on conflict (id) do update set name=excluded.name,name_kana=excluded.name_kana,name_grade4=excluded.name_grade4,map_no=excluded.map_no;
insert into prim_regions (id,name,name_kana,name_grade4,map_no) values ('kyushu','九州地方','きゅうしゅうちほう','九州地方',8) on conflict (id) do update set name=excluded.name,name_kana=excluded.name_kana,name_grade4=excluded.name_grade4,map_no=excluded.map_no;

-- ---- seed: prefectures ----
insert into prim_prefectures (id,name,name_kana,name_grade4,capital,capital_kana,capital_grade4,region_id,map_no,specialties) values ('hokkaido','北海道','ほっかいどう','北海道','札幌市','さっぽろし','札幌市','hokkaido',1,'["じゃがいも", "牛乳", "かに"]') on conflict (id) do update set name=excluded.name,name_kana=excluded.name_kana,name_grade4=excluded.name_grade4,capital=excluded.capital,capital_kana=excluded.capital_kana,capital_grade4=excluded.capital_grade4,region_id=excluded.region_id,map_no=excluded.map_no,specialties=excluded.specialties;
insert into prim_prefectures (id,name,name_kana,name_grade4,capital,capital_kana,capital_grade4,region_id,map_no,specialties) values ('aomori','青森県','あおもりけん','青森県','青森市','あおもりし','青森市','tohoku',2,'["りんご", "にんにく", "ほたて"]') on conflict (id) do update set name=excluded.name,name_kana=excluded.name_kana,name_grade4=excluded.name_grade4,capital=excluded.capital,capital_kana=excluded.capital_kana,capital_grade4=excluded.capital_grade4,region_id=excluded.region_id,map_no=excluded.map_no,specialties=excluded.specialties;
insert into prim_prefectures (id,name,name_kana,name_grade4,capital,capital_kana,capital_grade4,region_id,map_no,specialties) values ('iwate','岩手県','いわてけん','岩手県','盛岡市','もりおかし','盛岡市','tohoku',3,'["わかめ", "りんご", "南部鉄器"]') on conflict (id) do update set name=excluded.name,name_kana=excluded.name_kana,name_grade4=excluded.name_grade4,capital=excluded.capital,capital_kana=excluded.capital_kana,capital_grade4=excluded.capital_grade4,region_id=excluded.region_id,map_no=excluded.map_no,specialties=excluded.specialties;
insert into prim_prefectures (id,name,name_kana,name_grade4,capital,capital_kana,capital_grade4,region_id,map_no,specialties) values ('miyagi','宮城県','みやぎけん','宮城県','仙台市','せんだいし','仙台市','tohoku',4,'["米", "かき", "ふかひれ"]') on conflict (id) do update set name=excluded.name,name_kana=excluded.name_kana,name_grade4=excluded.name_grade4,capital=excluded.capital,capital_kana=excluded.capital_kana,capital_grade4=excluded.capital_grade4,region_id=excluded.region_id,map_no=excluded.map_no,specialties=excluded.specialties;
insert into prim_prefectures (id,name,name_kana,name_grade4,capital,capital_kana,capital_grade4,region_id,map_no,specialties) values ('akita','秋田県','あきたけん','秋田県','秋田市','あきたし','秋田市','tohoku',5,'["米", "きりたんぽ", "曲げわっぱ"]') on conflict (id) do update set name=excluded.name,name_kana=excluded.name_kana,name_grade4=excluded.name_grade4,capital=excluded.capital,capital_kana=excluded.capital_kana,capital_grade4=excluded.capital_grade4,region_id=excluded.region_id,map_no=excluded.map_no,specialties=excluded.specialties;
insert into prim_prefectures (id,name,name_kana,name_grade4,capital,capital_kana,capital_grade4,region_id,map_no,specialties) values ('yamagata','山形県','やまがたけん','山形県','山形市','やまがたし','山形市','tohoku',6,'["さくらんぼ", "洋なし", "米"]') on conflict (id) do update set name=excluded.name,name_kana=excluded.name_kana,name_grade4=excluded.name_grade4,capital=excluded.capital,capital_kana=excluded.capital_kana,capital_grade4=excluded.capital_grade4,region_id=excluded.region_id,map_no=excluded.map_no,specialties=excluded.specialties;
insert into prim_prefectures (id,name,name_kana,name_grade4,capital,capital_kana,capital_grade4,region_id,map_no,specialties) values ('fukushima','福島県','ふくしまけん','福島県','福島市','ふくしまし','福島市','tohoku',7,'["もも", "米", "日本酒"]') on conflict (id) do update set name=excluded.name,name_kana=excluded.name_kana,name_grade4=excluded.name_grade4,capital=excluded.capital,capital_kana=excluded.capital_kana,capital_grade4=excluded.capital_grade4,region_id=excluded.region_id,map_no=excluded.map_no,specialties=excluded.specialties;
insert into prim_prefectures (id,name,name_kana,name_grade4,capital,capital_kana,capital_grade4,region_id,map_no,specialties) values ('ibaraki','茨城県','いばらきけん','茨城県','水戸市','みとし','水戸市','kanto',8,'["納豆", "メロン", "れんこん"]') on conflict (id) do update set name=excluded.name,name_kana=excluded.name_kana,name_grade4=excluded.name_grade4,capital=excluded.capital,capital_kana=excluded.capital_kana,capital_grade4=excluded.capital_grade4,region_id=excluded.region_id,map_no=excluded.map_no,specialties=excluded.specialties;
insert into prim_prefectures (id,name,name_kana,name_grade4,capital,capital_kana,capital_grade4,region_id,map_no,specialties) values ('tochigi','栃木県','とちぎけん','栃木県','宇都宮市','うつのみやし','宇都宮市','kanto',9,'["いちご", "かんぴょう", "ぎょうざ"]') on conflict (id) do update set name=excluded.name,name_kana=excluded.name_kana,name_grade4=excluded.name_grade4,capital=excluded.capital,capital_kana=excluded.capital_kana,capital_grade4=excluded.capital_grade4,region_id=excluded.region_id,map_no=excluded.map_no,specialties=excluded.specialties;
insert into prim_prefectures (id,name,name_kana,name_grade4,capital,capital_kana,capital_grade4,region_id,map_no,specialties) values ('gunma','群馬県','ぐんまけん','群馬県','前橋市','まえばしし','前橋市','kanto',10,'["キャベツ", "こんにゃく", "ねぎ"]') on conflict (id) do update set name=excluded.name,name_kana=excluded.name_kana,name_grade4=excluded.name_grade4,capital=excluded.capital,capital_kana=excluded.capital_kana,capital_grade4=excluded.capital_grade4,region_id=excluded.region_id,map_no=excluded.map_no,specialties=excluded.specialties;
insert into prim_prefectures (id,name,name_kana,name_grade4,capital,capital_kana,capital_grade4,region_id,map_no,specialties) values ('saitama','埼玉県','さいたまけん','埼玉県','さいたま市','さいたまし','さいたま市','kanto',11,'["ねぎ", "ひな人形", "狭山茶"]') on conflict (id) do update set name=excluded.name,name_kana=excluded.name_kana,name_grade4=excluded.name_grade4,capital=excluded.capital,capital_kana=excluded.capital_kana,capital_grade4=excluded.capital_grade4,region_id=excluded.region_id,map_no=excluded.map_no,specialties=excluded.specialties;
insert into prim_prefectures (id,name,name_kana,name_grade4,capital,capital_kana,capital_grade4,region_id,map_no,specialties) values ('chiba','千葉県','ちばけん','千葉県','千葉市','ちばし','千葉市','kanto',12,'["しょうゆ", "らっかせい", "なし"]') on conflict (id) do update set name=excluded.name,name_kana=excluded.name_kana,name_grade4=excluded.name_grade4,capital=excluded.capital,capital_kana=excluded.capital_kana,capital_grade4=excluded.capital_grade4,region_id=excluded.region_id,map_no=excluded.map_no,specialties=excluded.specialties;
insert into prim_prefectures (id,name,name_kana,name_grade4,capital,capital_kana,capital_grade4,region_id,map_no,specialties) values ('tokyo','東京都','とうきょうと','東京都','新宿区','しんじゅくく','新宿区','kanto',13,'["江戸切子", "小松菜", "印刷"]') on conflict (id) do update set name=excluded.name,name_kana=excluded.name_kana,name_grade4=excluded.name_grade4,capital=excluded.capital,capital_kana=excluded.capital_kana,capital_grade4=excluded.capital_grade4,region_id=excluded.region_id,map_no=excluded.map_no,specialties=excluded.specialties;
insert into prim_prefectures (id,name,name_kana,name_grade4,capital,capital_kana,capital_grade4,region_id,map_no,specialties) values ('kanagawa','神奈川県','かながわけん','神奈川県','横浜市','よこはまし','横浜市','kanto',14,'["キャベツ", "まぐろ", "シューマイ"]') on conflict (id) do update set name=excluded.name,name_kana=excluded.name_kana,name_grade4=excluded.name_grade4,capital=excluded.capital,capital_kana=excluded.capital_kana,capital_grade4=excluded.capital_grade4,region_id=excluded.region_id,map_no=excluded.map_no,specialties=excluded.specialties;
insert into prim_prefectures (id,name,name_kana,name_grade4,capital,capital_kana,capital_grade4,region_id,map_no,specialties) values ('niigata','新潟県','にいがたけん','新潟県','新潟市','にいがたし','新潟市','chubu',15,'["米", "日本酒", "洋食器"]') on conflict (id) do update set name=excluded.name,name_kana=excluded.name_kana,name_grade4=excluded.name_grade4,capital=excluded.capital,capital_kana=excluded.capital_kana,capital_grade4=excluded.capital_grade4,region_id=excluded.region_id,map_no=excluded.map_no,specialties=excluded.specialties;
insert into prim_prefectures (id,name,name_kana,name_grade4,capital,capital_kana,capital_grade4,region_id,map_no,specialties) values ('toyama','富山県','とやまけん','富山県','富山市','とやまし','富山市','chubu',16,'["米", "ます寿し", "ホタルイカ"]') on conflict (id) do update set name=excluded.name,name_kana=excluded.name_kana,name_grade4=excluded.name_grade4,capital=excluded.capital,capital_kana=excluded.capital_kana,capital_grade4=excluded.capital_grade4,region_id=excluded.region_id,map_no=excluded.map_no,specialties=excluded.specialties;
insert into prim_prefectures (id,name,name_kana,name_grade4,capital,capital_kana,capital_grade4,region_id,map_no,specialties) values ('ishikawa','石川県','いしかわけん','石川県','金沢市','かなざわし','金沢市','chubu',17,'["加賀友禅", "輪島塗", "九谷焼"]') on conflict (id) do update set name=excluded.name,name_kana=excluded.name_kana,name_grade4=excluded.name_grade4,capital=excluded.capital,capital_kana=excluded.capital_kana,capital_grade4=excluded.capital_grade4,region_id=excluded.region_id,map_no=excluded.map_no,specialties=excluded.specialties;
insert into prim_prefectures (id,name,name_kana,name_grade4,capital,capital_kana,capital_grade4,region_id,map_no,specialties) values ('fukui','福井県','ふくいけん','福井県','福井市','ふくいし','福井市','chubu',18,'["めがね", "越前がに", "米"]') on conflict (id) do update set name=excluded.name,name_kana=excluded.name_kana,name_grade4=excluded.name_grade4,capital=excluded.capital,capital_kana=excluded.capital_kana,capital_grade4=excluded.capital_grade4,region_id=excluded.region_id,map_no=excluded.map_no,specialties=excluded.specialties;
insert into prim_prefectures (id,name,name_kana,name_grade4,capital,capital_kana,capital_grade4,region_id,map_no,specialties) values ('yamanashi','山梨県','やまなしけん','山梨県','甲府市','こうふし','甲府市','chubu',19,'["ぶどう", "もも", "ワイン"]') on conflict (id) do update set name=excluded.name,name_kana=excluded.name_kana,name_grade4=excluded.name_grade4,capital=excluded.capital,capital_kana=excluded.capital_kana,capital_grade4=excluded.capital_grade4,region_id=excluded.region_id,map_no=excluded.map_no,specialties=excluded.specialties;
insert into prim_prefectures (id,name,name_kana,name_grade4,capital,capital_kana,capital_grade4,region_id,map_no,specialties) values ('nagano','長野県','ながのけん','長野県','長野市','ながのし','長野市','chubu',20,'["りんご", "レタス", "ぶどう"]') on conflict (id) do update set name=excluded.name,name_kana=excluded.name_kana,name_grade4=excluded.name_grade4,capital=excluded.capital,capital_kana=excluded.capital_kana,capital_grade4=excluded.capital_grade4,region_id=excluded.region_id,map_no=excluded.map_no,specialties=excluded.specialties;
insert into prim_prefectures (id,name,name_kana,name_grade4,capital,capital_kana,capital_grade4,region_id,map_no,specialties) values ('gifu','岐阜県','ぎふけん','岐阜県','岐阜市','ぎふし','岐阜市','chubu',21,'["美濃和紙", "刃物", "美濃焼"]') on conflict (id) do update set name=excluded.name,name_kana=excluded.name_kana,name_grade4=excluded.name_grade4,capital=excluded.capital,capital_kana=excluded.capital_kana,capital_grade4=excluded.capital_grade4,region_id=excluded.region_id,map_no=excluded.map_no,specialties=excluded.specialties;
insert into prim_prefectures (id,name,name_kana,name_grade4,capital,capital_kana,capital_grade4,region_id,map_no,specialties) values ('shizuoka','静岡県','しずおかけん','静岡県','静岡市','しずおかし','静岡市','chubu',22,'["お茶", "みかん", "うなぎ"]') on conflict (id) do update set name=excluded.name,name_kana=excluded.name_kana,name_grade4=excluded.name_grade4,capital=excluded.capital,capital_kana=excluded.capital_kana,capital_grade4=excluded.capital_grade4,region_id=excluded.region_id,map_no=excluded.map_no,specialties=excluded.specialties;
insert into prim_prefectures (id,name,name_kana,name_grade4,capital,capital_kana,capital_grade4,region_id,map_no,specialties) values ('aichi','愛知県','あいちけん','愛知県','名古屋市','なごやし','名古屋市','chubu',23,'["自動車", "みそ", "キャベツ"]') on conflict (id) do update set name=excluded.name,name_kana=excluded.name_kana,name_grade4=excluded.name_grade4,capital=excluded.capital,capital_kana=excluded.capital_kana,capital_grade4=excluded.capital_grade4,region_id=excluded.region_id,map_no=excluded.map_no,specialties=excluded.specialties;
insert into prim_prefectures (id,name,name_kana,name_grade4,capital,capital_kana,capital_grade4,region_id,map_no,specialties) values ('mie','三重県','みえけん','三重県','津市','つし','津市','kinki',24,'["真珠", "伊勢えび", "お茶"]') on conflict (id) do update set name=excluded.name,name_kana=excluded.name_kana,name_grade4=excluded.name_grade4,capital=excluded.capital,capital_kana=excluded.capital_kana,capital_grade4=excluded.capital_grade4,region_id=excluded.region_id,map_no=excluded.map_no,specialties=excluded.specialties;
insert into prim_prefectures (id,name,name_kana,name_grade4,capital,capital_kana,capital_grade4,region_id,map_no,specialties) values ('shiga','滋賀県','しがけん','滋賀県','大津市','おおつし','大津市','kinki',25,'["近江牛", "米", "ふな寿し"]') on conflict (id) do update set name=excluded.name,name_kana=excluded.name_kana,name_grade4=excluded.name_grade4,capital=excluded.capital,capital_kana=excluded.capital_kana,capital_grade4=excluded.capital_grade4,region_id=excluded.region_id,map_no=excluded.map_no,specialties=excluded.specialties;
insert into prim_prefectures (id,name,name_kana,name_grade4,capital,capital_kana,capital_grade4,region_id,map_no,specialties) values ('kyoto','京都府','きょうとふ','京都府','京都市','きょうとし','京都市','kinki',26,'["西陣織", "清水焼", "宇治茶"]') on conflict (id) do update set name=excluded.name,name_kana=excluded.name_kana,name_grade4=excluded.name_grade4,capital=excluded.capital,capital_kana=excluded.capital_kana,capital_grade4=excluded.capital_grade4,region_id=excluded.region_id,map_no=excluded.map_no,specialties=excluded.specialties;
insert into prim_prefectures (id,name,name_kana,name_grade4,capital,capital_kana,capital_grade4,region_id,map_no,specialties) values ('osaka','大阪府','おおさかふ','大阪府','大阪市','おおさかし','大阪市','kinki',27,'["たこ焼き", "刃物", "自転車部品"]') on conflict (id) do update set name=excluded.name,name_kana=excluded.name_kana,name_grade4=excluded.name_grade4,capital=excluded.capital,capital_kana=excluded.capital_kana,capital_grade4=excluded.capital_grade4,region_id=excluded.region_id,map_no=excluded.map_no,specialties=excluded.specialties;
insert into prim_prefectures (id,name,name_kana,name_grade4,capital,capital_kana,capital_grade4,region_id,map_no,specialties) values ('hyogo','兵庫県','ひょうごけん','兵庫県','神戸市','こうべし','神戸市','kinki',28,'["神戸牛", "清酒", "たまねぎ"]') on conflict (id) do update set name=excluded.name,name_kana=excluded.name_kana,name_grade4=excluded.name_grade4,capital=excluded.capital,capital_kana=excluded.capital_kana,capital_grade4=excluded.capital_grade4,region_id=excluded.region_id,map_no=excluded.map_no,specialties=excluded.specialties;
insert into prim_prefectures (id,name,name_kana,name_grade4,capital,capital_kana,capital_grade4,region_id,map_no,specialties) values ('nara','奈良県','ならけん','奈良県','奈良市','ならし','奈良市','kinki',29,'["墨", "奈良漬", "柿"]') on conflict (id) do update set name=excluded.name,name_kana=excluded.name_kana,name_grade4=excluded.name_grade4,capital=excluded.capital,capital_kana=excluded.capital_kana,capital_grade4=excluded.capital_grade4,region_id=excluded.region_id,map_no=excluded.map_no,specialties=excluded.specialties;
insert into prim_prefectures (id,name,name_kana,name_grade4,capital,capital_kana,capital_grade4,region_id,map_no,specialties) values ('wakayama','和歌山県','わかやまけん','和歌山県','和歌山市','わかやまし','和歌山市','kinki',30,'["みかん", "うめ", "柿"]') on conflict (id) do update set name=excluded.name,name_kana=excluded.name_kana,name_grade4=excluded.name_grade4,capital=excluded.capital,capital_kana=excluded.capital_kana,capital_grade4=excluded.capital_grade4,region_id=excluded.region_id,map_no=excluded.map_no,specialties=excluded.specialties;
insert into prim_prefectures (id,name,name_kana,name_grade4,capital,capital_kana,capital_grade4,region_id,map_no,specialties) values ('tottori','鳥取県','とっとりけん','鳥取県','鳥取市','とっとりし','鳥取市','chugoku',31,'["なし", "らっきょう", "かに"]') on conflict (id) do update set name=excluded.name,name_kana=excluded.name_kana,name_grade4=excluded.name_grade4,capital=excluded.capital,capital_kana=excluded.capital_kana,capital_grade4=excluded.capital_grade4,region_id=excluded.region_id,map_no=excluded.map_no,specialties=excluded.specialties;
insert into prim_prefectures (id,name,name_kana,name_grade4,capital,capital_kana,capital_grade4,region_id,map_no,specialties) values ('shimane','島根県','しまねけん','島根県','松江市','まつえし','松江市','chugoku',32,'["しじみ", "出雲そば", "日本酒"]') on conflict (id) do update set name=excluded.name,name_kana=excluded.name_kana,name_grade4=excluded.name_grade4,capital=excluded.capital,capital_kana=excluded.capital_kana,capital_grade4=excluded.capital_grade4,region_id=excluded.region_id,map_no=excluded.map_no,specialties=excluded.specialties;
insert into prim_prefectures (id,name,name_kana,name_grade4,capital,capital_kana,capital_grade4,region_id,map_no,specialties) values ('okayama','岡山県','おかやまけん','岡山県','岡山市','おかやまし','岡山市','chugoku',33,'["もも", "ぶどう", "学生服"]') on conflict (id) do update set name=excluded.name,name_kana=excluded.name_kana,name_grade4=excluded.name_grade4,capital=excluded.capital,capital_kana=excluded.capital_kana,capital_grade4=excluded.capital_grade4,region_id=excluded.region_id,map_no=excluded.map_no,specialties=excluded.specialties;
insert into prim_prefectures (id,name,name_kana,name_grade4,capital,capital_kana,capital_grade4,region_id,map_no,specialties) values ('hiroshima','広島県','ひろしまけん','広島県','広島市','ひろしまし','広島市','chugoku',34,'["かき", "レモン", "お好み焼き"]') on conflict (id) do update set name=excluded.name,name_kana=excluded.name_kana,name_grade4=excluded.name_grade4,capital=excluded.capital,capital_kana=excluded.capital_kana,capital_grade4=excluded.capital_grade4,region_id=excluded.region_id,map_no=excluded.map_no,specialties=excluded.specialties;
insert into prim_prefectures (id,name,name_kana,name_grade4,capital,capital_kana,capital_grade4,region_id,map_no,specialties) values ('yamaguchi','山口県','やまぐちけん','山口県','山口市','やまぐちし','山口市','chugoku',35,'["ふぐ", "夏みかん", "かまぼこ"]') on conflict (id) do update set name=excluded.name,name_kana=excluded.name_kana,name_grade4=excluded.name_grade4,capital=excluded.capital,capital_kana=excluded.capital_kana,capital_grade4=excluded.capital_grade4,region_id=excluded.region_id,map_no=excluded.map_no,specialties=excluded.specialties;
insert into prim_prefectures (id,name,name_kana,name_grade4,capital,capital_kana,capital_grade4,region_id,map_no,specialties) values ('tokushima','徳島県','とくしまけん','徳島県','徳島市','とくしまし','徳島市','shikoku',36,'["すだち", "なると金時", "藍染め"]') on conflict (id) do update set name=excluded.name,name_kana=excluded.name_kana,name_grade4=excluded.name_grade4,capital=excluded.capital,capital_kana=excluded.capital_kana,capital_grade4=excluded.capital_grade4,region_id=excluded.region_id,map_no=excluded.map_no,specialties=excluded.specialties;
insert into prim_prefectures (id,name,name_kana,name_grade4,capital,capital_kana,capital_grade4,region_id,map_no,specialties) values ('kagawa','香川県','かがわけん','香川県','高松市','たかまつし','高松市','shikoku',37,'["うどん", "オリーブ", "うちわ"]') on conflict (id) do update set name=excluded.name,name_kana=excluded.name_kana,name_grade4=excluded.name_grade4,capital=excluded.capital,capital_kana=excluded.capital_kana,capital_grade4=excluded.capital_grade4,region_id=excluded.region_id,map_no=excluded.map_no,specialties=excluded.specialties;
insert into prim_prefectures (id,name,name_kana,name_grade4,capital,capital_kana,capital_grade4,region_id,map_no,specialties) values ('ehime','愛媛県','えひめけん','愛媛県','松山市','まつやまし','松山市','shikoku',38,'["みかん", "タオル", "真珠"]') on conflict (id) do update set name=excluded.name,name_kana=excluded.name_kana,name_grade4=excluded.name_grade4,capital=excluded.capital,capital_kana=excluded.capital_kana,capital_grade4=excluded.capital_grade4,region_id=excluded.region_id,map_no=excluded.map_no,specialties=excluded.specialties;
insert into prim_prefectures (id,name,name_kana,name_grade4,capital,capital_kana,capital_grade4,region_id,map_no,specialties) values ('kochi','高知県','こうちけん','高知県','高知市','こうちし','高知市','shikoku',39,'["かつお", "なす", "ゆず"]') on conflict (id) do update set name=excluded.name,name_kana=excluded.name_kana,name_grade4=excluded.name_grade4,capital=excluded.capital,capital_kana=excluded.capital_kana,capital_grade4=excluded.capital_grade4,region_id=excluded.region_id,map_no=excluded.map_no,specialties=excluded.specialties;
insert into prim_prefectures (id,name,name_kana,name_grade4,capital,capital_kana,capital_grade4,region_id,map_no,specialties) values ('fukuoka','福岡県','ふくおかけん','福岡県','福岡市','ふくおかし','福岡市','kyushu',40,'["いちご", "めんたいこ", "八女茶"]') on conflict (id) do update set name=excluded.name,name_kana=excluded.name_kana,name_grade4=excluded.name_grade4,capital=excluded.capital,capital_kana=excluded.capital_kana,capital_grade4=excluded.capital_grade4,region_id=excluded.region_id,map_no=excluded.map_no,specialties=excluded.specialties;
insert into prim_prefectures (id,name,name_kana,name_grade4,capital,capital_kana,capital_grade4,region_id,map_no,specialties) values ('saga','佐賀県','さがけん','佐賀県','佐賀市','さがし','佐賀市','kyushu',41,'["有田焼", "のり", "みかん"]') on conflict (id) do update set name=excluded.name,name_kana=excluded.name_kana,name_grade4=excluded.name_grade4,capital=excluded.capital,capital_kana=excluded.capital_kana,capital_grade4=excluded.capital_grade4,region_id=excluded.region_id,map_no=excluded.map_no,specialties=excluded.specialties;
insert into prim_prefectures (id,name,name_kana,name_grade4,capital,capital_kana,capital_grade4,region_id,map_no,specialties) values ('nagasaki','長崎県','ながさきけん','長崎県','長崎市','ながさきし','長崎市','kyushu',42,'["びわ", "ちゃんぽん", "カステラ"]') on conflict (id) do update set name=excluded.name,name_kana=excluded.name_kana,name_grade4=excluded.name_grade4,capital=excluded.capital,capital_kana=excluded.capital_kana,capital_grade4=excluded.capital_grade4,region_id=excluded.region_id,map_no=excluded.map_no,specialties=excluded.specialties;
insert into prim_prefectures (id,name,name_kana,name_grade4,capital,capital_kana,capital_grade4,region_id,map_no,specialties) values ('kumamoto','熊本県','くまもとけん','熊本県','熊本市','くまもとし','熊本市','kyushu',43,'["すいか", "い草", "トマト"]') on conflict (id) do update set name=excluded.name,name_kana=excluded.name_kana,name_grade4=excluded.name_grade4,capital=excluded.capital,capital_kana=excluded.capital_kana,capital_grade4=excluded.capital_grade4,region_id=excluded.region_id,map_no=excluded.map_no,specialties=excluded.specialties;
insert into prim_prefectures (id,name,name_kana,name_grade4,capital,capital_kana,capital_grade4,region_id,map_no,specialties) values ('oita','大分県','おおいたけん','大分県','大分市','おおいたし','大分市','kyushu',44,'["しいたけ", "かぼす", "温泉"]') on conflict (id) do update set name=excluded.name,name_kana=excluded.name_kana,name_grade4=excluded.name_grade4,capital=excluded.capital,capital_kana=excluded.capital_kana,capital_grade4=excluded.capital_grade4,region_id=excluded.region_id,map_no=excluded.map_no,specialties=excluded.specialties;
insert into prim_prefectures (id,name,name_kana,name_grade4,capital,capital_kana,capital_grade4,region_id,map_no,specialties) values ('miyazaki','宮崎県','みやざきけん','宮崎県','宮崎市','みやざきし','宮崎市','kyushu',45,'["マンゴー", "ピーマン", "地鶏"]') on conflict (id) do update set name=excluded.name,name_kana=excluded.name_kana,name_grade4=excluded.name_grade4,capital=excluded.capital,capital_kana=excluded.capital_kana,capital_grade4=excluded.capital_grade4,region_id=excluded.region_id,map_no=excluded.map_no,specialties=excluded.specialties;
insert into prim_prefectures (id,name,name_kana,name_grade4,capital,capital_kana,capital_grade4,region_id,map_no,specialties) values ('kagoshima','鹿児島県','かごしまけん','鹿児島県','鹿児島市','かごしまし','鹿児島市','kyushu',46,'["さつまいも", "黒豚", "お茶"]') on conflict (id) do update set name=excluded.name,name_kana=excluded.name_kana,name_grade4=excluded.name_grade4,capital=excluded.capital,capital_kana=excluded.capital_kana,capital_grade4=excluded.capital_grade4,region_id=excluded.region_id,map_no=excluded.map_no,specialties=excluded.specialties;
insert into prim_prefectures (id,name,name_kana,name_grade4,capital,capital_kana,capital_grade4,region_id,map_no,specialties) values ('okinawa','沖縄県','おきなわけん','沖縄県','那覇市','なはし','那覇市','kyushu',47,'["さとうきび", "パイナップル", "ゴーヤー"]') on conflict (id) do update set name=excluded.name,name_kana=excluded.name_kana,name_grade4=excluded.name_grade4,capital=excluded.capital,capital_kana=excluded.capital_kana,capital_grade4=excluded.capital_grade4,region_id=excluded.region_id,map_no=excluded.map_no,specialties=excluded.specialties;

-- ---- seed: wards ----
insert into prim_wards (id,name,name_kana,name_grade4,map_no) values ('chiyoda','千代田区','ちよだく','千代田区',1) on conflict (id) do update set name=excluded.name,name_kana=excluded.name_kana,name_grade4=excluded.name_grade4,map_no=excluded.map_no;
insert into prim_wards (id,name,name_kana,name_grade4,map_no) values ('chuo','中央区','ちゅうおうく','中央区',2) on conflict (id) do update set name=excluded.name,name_kana=excluded.name_kana,name_grade4=excluded.name_grade4,map_no=excluded.map_no;
insert into prim_wards (id,name,name_kana,name_grade4,map_no) values ('minato','港区','みなとく','港区',3) on conflict (id) do update set name=excluded.name,name_kana=excluded.name_kana,name_grade4=excluded.name_grade4,map_no=excluded.map_no;
insert into prim_wards (id,name,name_kana,name_grade4,map_no) values ('shinjuku','新宿区','しんじゅくく','新宿区',4) on conflict (id) do update set name=excluded.name,name_kana=excluded.name_kana,name_grade4=excluded.name_grade4,map_no=excluded.map_no;
insert into prim_wards (id,name,name_kana,name_grade4,map_no) values ('bunkyo','文京区','ぶんきょうく','文京区',5) on conflict (id) do update set name=excluded.name,name_kana=excluded.name_kana,name_grade4=excluded.name_grade4,map_no=excluded.map_no;
insert into prim_wards (id,name,name_kana,name_grade4,map_no) values ('taito','台東区','たいとうく','台東区',6) on conflict (id) do update set name=excluded.name,name_kana=excluded.name_kana,name_grade4=excluded.name_grade4,map_no=excluded.map_no;
insert into prim_wards (id,name,name_kana,name_grade4,map_no) values ('sumida','墨田区','すみだく','墨田区',7) on conflict (id) do update set name=excluded.name,name_kana=excluded.name_kana,name_grade4=excluded.name_grade4,map_no=excluded.map_no;
insert into prim_wards (id,name,name_kana,name_grade4,map_no) values ('koto','江東区','こうとうく','江東区',8) on conflict (id) do update set name=excluded.name,name_kana=excluded.name_kana,name_grade4=excluded.name_grade4,map_no=excluded.map_no;
insert into prim_wards (id,name,name_kana,name_grade4,map_no) values ('shinagawa','品川区','しながわく','品川区',9) on conflict (id) do update set name=excluded.name,name_kana=excluded.name_kana,name_grade4=excluded.name_grade4,map_no=excluded.map_no;
insert into prim_wards (id,name,name_kana,name_grade4,map_no) values ('meguro','目黒区','めぐろく','目黒区',10) on conflict (id) do update set name=excluded.name,name_kana=excluded.name_kana,name_grade4=excluded.name_grade4,map_no=excluded.map_no;
insert into prim_wards (id,name,name_kana,name_grade4,map_no) values ('ota','大田区','おおたく','大田区',11) on conflict (id) do update set name=excluded.name,name_kana=excluded.name_kana,name_grade4=excluded.name_grade4,map_no=excluded.map_no;
insert into prim_wards (id,name,name_kana,name_grade4,map_no) values ('setagaya','世田谷区','せたがやく','世田谷区',12) on conflict (id) do update set name=excluded.name,name_kana=excluded.name_kana,name_grade4=excluded.name_grade4,map_no=excluded.map_no;
insert into prim_wards (id,name,name_kana,name_grade4,map_no) values ('shibuya','渋谷区','しぶやく','しぶや区',13) on conflict (id) do update set name=excluded.name,name_kana=excluded.name_kana,name_grade4=excluded.name_grade4,map_no=excluded.map_no;
insert into prim_wards (id,name,name_kana,name_grade4,map_no) values ('nakano','中野区','なかのく','中野区',14) on conflict (id) do update set name=excluded.name,name_kana=excluded.name_kana,name_grade4=excluded.name_grade4,map_no=excluded.map_no;
insert into prim_wards (id,name,name_kana,name_grade4,map_no) values ('suginami','杉並区','すぎなみく','杉並区',15) on conflict (id) do update set name=excluded.name,name_kana=excluded.name_kana,name_grade4=excluded.name_grade4,map_no=excluded.map_no;
insert into prim_wards (id,name,name_kana,name_grade4,map_no) values ('toshima','豊島区','としまく','豊島区',16) on conflict (id) do update set name=excluded.name,name_kana=excluded.name_kana,name_grade4=excluded.name_grade4,map_no=excluded.map_no;
insert into prim_wards (id,name,name_kana,name_grade4,map_no) values ('kita','北区','きたく','北区',17) on conflict (id) do update set name=excluded.name,name_kana=excluded.name_kana,name_grade4=excluded.name_grade4,map_no=excluded.map_no;
insert into prim_wards (id,name,name_kana,name_grade4,map_no) values ('arakawa','荒川区','あらかわく','荒川区',18) on conflict (id) do update set name=excluded.name,name_kana=excluded.name_kana,name_grade4=excluded.name_grade4,map_no=excluded.map_no;
insert into prim_wards (id,name,name_kana,name_grade4,map_no) values ('itabashi','板橋区','いたばしく','板橋区',19) on conflict (id) do update set name=excluded.name,name_kana=excluded.name_kana,name_grade4=excluded.name_grade4,map_no=excluded.map_no;
insert into prim_wards (id,name,name_kana,name_grade4,map_no) values ('nerima','練馬区','ねりまく','練馬区',20) on conflict (id) do update set name=excluded.name,name_kana=excluded.name_kana,name_grade4=excluded.name_grade4,map_no=excluded.map_no;
insert into prim_wards (id,name,name_kana,name_grade4,map_no) values ('adachi','足立区','あだちく','足立区',21) on conflict (id) do update set name=excluded.name,name_kana=excluded.name_kana,name_grade4=excluded.name_grade4,map_no=excluded.map_no;
insert into prim_wards (id,name,name_kana,name_grade4,map_no) values ('katsushika','葛飾区','かつしかく','かつしか区',22) on conflict (id) do update set name=excluded.name,name_kana=excluded.name_kana,name_grade4=excluded.name_grade4,map_no=excluded.map_no;
insert into prim_wards (id,name,name_kana,name_grade4,map_no) values ('edogawa','江戸川区','えどがわく','江戸川区',23) on conflict (id) do update set name=excluded.name,name_kana=excluded.name_kana,name_grade4=excluded.name_grade4,map_no=excluded.map_no;

